nm, A
800.000000, 0.000083
799.000000, -0.000011
798.000000, 0.000367
797.000000, 0.000318
796.000000, 0.000279
795.000000, 0.000315
794.000000, 0.000042
793.000000, 0.000053
792.000000, 0.000233
791.000000, 0.000179
790.000000, 0.000109
789.000000, -0.000076
788.000000, 0.000058
787.000000, 0.000158
786.000000, 0.000266
785.000000, 0.000162
784.000000, 0.000114
783.000000, 0.000010
782.000000, 0.000171
781.000000, 0.000161
780.000000, 0.000094
779.000000, -0.000020
778.000000, 0.000162
777.000000, -0.000179
776.000000, 0.000021
775.000000, 0.000042
774.000000, 0.000260
773.000000, 0.000099
772.000000, 0.000089
771.000000, -0.000053
770.000000, -0.000089
769.000000, -0.000087
768.000000, 0.000091
767.000000, -0.000074
766.000000, -0.000038
765.000000, -0.000152
764.000000, -0.000189
763.000000, -0.000169
762.000000, 0.000046
761.000000, -0.000137
760.000000, -0.000207
759.000000, -0.000183
758.000000, -0.000158
757.000000, -0.000119
756.000000, 0.000169
755.000000, -0.000143
754.000000, -0.000252
753.000000, -0.000075
752.000000, -0.000125
751.000000, -0.000183
750.000000, -0.000223
749.000000, -0.000375
748.000000, -0.000302
747.000000, -0.000261
746.000000, -0.000264
745.000000, -0.000114
744.000000, -0.000010
743.000000, -0.000134
742.000000, -0.000340
741.000000, -0.000417
740.000000, -0.000287
739.000000, -0.000145
738.000000, -0.000093
737.000000, -0.000154
736.000000, -0.000274
735.000000, -0.000271
734.000000, -0.000209
733.000000, -0.000173
732.000000, -0.000118
731.000000, -0.000017
730.000000, -0.000072
729.000000, -0.000312
728.000000, -0.000323
727.000000, -0.000194
726.000000, -0.000200
725.000000, -0.000419
724.000000, -0.000409
723.000000, -0.000329
722.000000, -0.000257
721.000000, -0.000241
720.000000, -0.000209
719.000000, -0.000221
718.000000, -0.000163
717.000000, -0.000304
716.000000, -0.000274
715.000000, -0.000156
714.000000, -0.000105
713.000000, -0.000183
712.000000, -0.000290
711.000000, -0.000411
710.000000, -0.000250
709.000000, -0.000132
708.000000, -0.000164
707.000000, -0.000229
706.000000, -0.000282
705.000000, -0.000388
704.000000, -0.000415
703.000000, -0.000227
702.000000, -0.000142
701.000000, -0.000278
700.000000, -0.000355
699.000000, -0.000408
698.000000, -0.000362
697.000000, -0.000218
696.000000, -0.000248
695.000000, -0.000307
694.000000, -0.000292
693.000000, -0.000332
692.000000, -0.000307
691.000000, -0.000248
690.000000, -0.000294
689.000000, -0.000369
688.000000, -0.000288
687.000000, -0.000272
686.000000, -0.000295
685.000000, -0.000388
684.000000, -0.000426
683.000000, -0.000354
682.000000, -0.000323
681.000000, -0.000366
680.000000, -0.000312
679.000000, -0.000358
678.000000, -0.000426
677.000000, -0.000359
676.000000, -0.000211
675.000000, -0.000227
674.000000, -0.000345
673.000000, -0.000438
672.000000, -0.000398
671.000000, -0.000420
670.000000, -0.000365
669.000000, -0.000410
668.000000, -0.000375
667.000000, -0.000377
666.000000, -0.000394
665.000000, -0.000431
664.000000, -0.000371
663.000000, -0.000353
662.000000, -0.000329
661.000000, -0.000355
660.000000, -0.000414
659.000000, -0.000467
658.000000, -0.000319
657.000000, -0.000249
656.000000, -0.000400
655.000000, -0.000411
654.000000, -0.000454
653.000000, -0.000475
652.000000, -0.000309
651.000000, -0.000311
650.000000, -0.000400
649.000000, -0.000468
648.000000, -0.000566
647.000000, -0.000521
646.000000, -0.000296
645.000000, -0.000451
644.000000, -0.000411
643.000000, -0.000479
642.000000, -0.000523
641.000000, -0.000513
640.000000, -0.000296
639.000000, -0.000381
638.000000, -0.000390
637.000000, -0.000388
636.000000, -0.000490
635.000000, -0.000536
634.000000, -0.000445
633.000000, -0.000555
632.000000, -0.000522
631.000000, -0.000511
630.000000, -0.000518
629.000000, -0.000512
628.000000, -0.000272
627.000000, -0.000336
626.000000, -0.000323
625.000000, -0.000428
624.000000, -0.000443
623.000000, -0.000480
622.000000, -0.000296
621.000000, -0.000558
620.000000, -0.000294
619.000000, -0.000429
618.000000, -0.000454
617.000000, -0.000378
616.000000, -0.000193
615.000000, -0.000420
614.000000, -0.000382
613.000000, -0.000432
612.000000, -0.000458
611.000000, -0.000474
610.000000, -0.000376
609.000000, -0.000481
608.000000, -0.000503
607.000000, -0.000333
606.000000, -0.000337
605.000000, -0.000412
604.000000, -0.000159
603.000000, -0.000361
602.000000, -0.000166
601.000000, -0.000263
600.000000, -0.000308
599.000000, -0.000252
598.000000, 0.000059
597.000000, -0.000119
596.000000, -0.000066
595.000000, -0.000115
594.000000, -0.000062
593.000000, -0.000047
592.000000, 0.000009
591.000000, 0.000217
590.000000, 0.000334
589.000000, 0.000157
588.000000, 0.000302
587.000000, 0.000341
586.000000, 0.000524
585.000000, 0.000571
584.000000, 0.000521
583.000000, 0.000810
582.000000, 0.000973
581.000000, 0.001093
580.000000, 0.001543
579.000000, 0.001411
578.000000, 0.001398
577.000000, 0.001753
576.000000, 0.001967
575.000000, 0.002204
574.000000, 0.002728
573.000000, 0.002755
572.000000, 0.003041
571.000000, 0.003234
570.000000, 0.003549
569.000000, 0.003921
568.000000, 0.004367
567.000000, 0.004523
566.000000, 0.005083
565.000000, 0.005261
564.000000, 0.005665
563.000000, 0.006171
562.000000, 0.006678
561.000000, 0.006804
560.000000, 0.007332
559.000000, 0.007604
558.000000, 0.008216
557.000000, 0.008663
556.000000, 0.009199
555.000000, 0.009684
554.000000, 0.010291
553.000000, 0.010621
552.000000, 0.011273
551.000000, 0.011720
550.000000, 0.012283
549.000000, 0.012918
548.000000, 0.013642
547.000000, 0.014102
546.000000, 0.014714
545.000000, 0.015168
544.000000, 0.015742
543.000000, 0.016383
542.000000, 0.017218
541.000000, 0.017852
540.000000, 0.018443
539.000000, 0.018897
538.000000, 0.019562
537.000000, 0.020267
536.000000, 0.021116
535.000000, 0.021694
534.000000, 0.022449
533.000000, 0.023047
532.000000, 0.023696
531.000000, 0.024510
530.000000, 0.025324
529.000000, 0.026035
528.000000, 0.026781
527.000000, 0.027426
526.000000, 0.028215
525.000000, 0.029050
524.000000, 0.030056
523.000000, 0.030704
522.000000, 0.031541
521.000000, 0.032546
520.000000, 0.033409
519.000000, 0.034394
518.000000, 0.035408
517.000000, 0.036290
516.000000, 0.037357
515.000000, 0.038491
514.000000, 0.039595
513.000000, 0.040813
512.000000, 0.042166
511.000000, 0.043458
510.000000, 0.044710
509.000000, 0.046078
508.000000, 0.047605
507.000000, 0.049196
506.000000, 0.051039
505.000000, 0.052772
504.000000, 0.054545
503.000000, 0.056404
502.000000, 0.058601
501.000000, 0.060864
500.000000, 0.063209
499.000000, 0.065698
498.000000, 0.068526
497.000000, 0.071511
496.000000, 0.074711
495.000000, 0.078139
494.000000, 0.081820
493.000000, 0.085792
492.000000, 0.090135
491.000000, 0.094655
490.000000, 0.099660
489.000000, 0.105095
488.000000, 0.110776
487.000000, 0.117074
486.000000, 0.123893
485.000000, 0.131072
484.000000, 0.138738
483.000000, 0.146963
482.000000, 0.155667
481.000000, 0.164867
480.000000, 0.175168
479.000000, 0.186224
478.000000, 0.197659
477.000000, 0.209601
476.000000, 0.222001
475.000000, 0.234718
474.000000, 0.247853
473.000000, 0.261454
472.000000, 0.275091
471.000000, 0.288770
470.000000, 0.302460
469.000000, 0.315958
468.000000, 0.329342
467.000000, 0.341952
466.000000, 0.354143
465.000000, 0.365727
464.000000, 0.376616
463.000000, 0.386767
462.000000, 0.396069
461.000000, 0.404400
460.000000, 0.411835
459.000000, 0.418247
458.000000, 0.423736
457.000000, 0.428212
456.000000, 0.431775
455.000000, 0.434302
454.000000, 0.435843
453.000000, 0.436526
452.000000, 0.436442
451.000000, 0.435522
450.000000, 0.433809
449.000000, 0.431259
448.000000, 0.428179
447.000000, 0.424743
446.000000, 0.421107
445.000000, 0.417100
444.000000, 0.413293
443.000000, 0.409537
442.000000, 0.405595
441.000000, 0.401687
440.000000, 0.398109
439.000000, 0.394741
438.000000, 0.391735
437.000000, 0.388866
436.000000, 0.386432
435.000000, 0.383932
434.000000, 0.381836
433.000000, 0.379783
432.000000, 0.377996
431.000000, 0.375784
430.000000, 0.373731
429.000000, 0.371545
428.000000, 0.369593
427.000000, 0.367233
426.000000, 0.364513
425.000000, 0.361538
424.000000, 0.358212
423.000000, 0.354550
422.000000, 0.350152
421.000000, 0.345403
420.000000, 0.339852
419.000000, 0.333340
418.000000, 0.326184
417.000000, 0.318471
416.000000, 0.310423
415.000000, 0.301710
414.000000, 0.292608
413.000000, 0.283245
412.000000, 0.273781
411.000000, 0.264575
410.000000, 0.255330
409.000000, 0.246204
408.000000, 0.237890
407.000000, 0.229482
406.000000, 0.221938
405.000000, 0.214864
404.000000, 0.208361
403.000000, 0.202531
402.000000, 0.197196
401.000000, 0.192017
400.000000, 0.187474
399.000000, 0.183567
398.000000, 0.179903
397.000000, 0.176829
396.000000, 0.173855
395.000000, 0.171247
394.000000, 0.168677
393.000000, 0.166396
392.000000, 0.163960
391.000000, 0.161766
390.000000, 0.159263
389.000000, 0.156155
388.000000, 0.153254
387.000000, 0.150258
386.000000, 0.146755
385.000000, 0.143888
384.000000, 0.140919
383.000000, 0.137947
382.000000, 0.135169
381.000000, 0.132746
380.000000, 0.130803
379.000000, 0.129359
378.000000, 0.127609
377.000000, 0.126798
376.000000, 0.125870
375.000000, 0.125445
374.000000, 0.125245
373.000000, 0.125204
372.000000, 0.125271
371.000000, 0.126040
370.000000, 0.126152
369.000000, 0.127706
368.000000, 0.128447
367.000000, 0.129813
366.000000, 0.131843
365.000000, 0.134434
364.000000, 0.136704
363.000000, 0.139820
362.000000, 0.143454
361.000000, 0.147994
360.000000, 0.152536
359.000000, 0.157780
358.000000, 0.162017
357.000000, 0.166829
356.000000, 0.171204
355.000000, 0.174953
354.000000, 0.178096
353.000000, 0.180950
352.000000, 0.182915
351.000000, 0.184585
350.000000, 0.185633
349.000000, 0.186592
348.000000, 0.187320
347.000000, 0.188878
346.000000, 0.189821
345.000000, 0.191430
344.000000, 0.193411
343.000000, 0.196197
342.000000, 0.199599
341.000000, 0.202801
340.000000, 0.206484
339.000000, 0.210388
338.000000, 0.214458
337.000000, 0.219288
336.000000, 0.224110
335.000000, 0.229438
334.000000, 0.234666
333.000000, 0.240727
332.000000, 0.247277
331.000000, 0.254066
330.000000, 0.261775
329.000000, 0.269980
328.000000, 0.278023
327.000000, 0.286403
326.000000, 0.294338
325.000000, 0.301772
324.000000, 0.308843
323.000000, 0.315691
322.000000, 0.321631
321.000000, 0.326863
320.000000, 0.331704
319.000000, 0.336554
318.000000, 0.341399
317.000000, 0.347067
316.000000, 0.353252
315.000000, 0.360353
314.000000, 0.369209
313.000000, 0.379759
312.000000, 0.392795
311.000000, 0.408314
310.000000, 0.426491
309.000000, 0.447910
308.000000, 0.473170
307.000000, 0.502869
306.000000, 0.538150
305.000000, 0.579198
304.000000, 0.627824
303.000000, 0.685182
302.000000, 0.752964
301.000000, 0.832490
300.000000, 0.925717
